review,rating,date
"Bahan bagus,lembut, melar,
Pas bagian atas aja ngepas pas masukin kepalanya",bintang 5,3 bulan lalu
Bahan oke ukuran pas pengiriman sangat cepat ğŸ¤©ğŸ¤©ğŸ¤©ğŸ¤©,bintang 5,3 bulan lalu
Kualitas barang ok. Penjual responsif. Terima kasih.,bintang 5,6 bulan lalu
"65/55
Bagusssss, S agak kekecilan dari guide ukuran, next ambil yang M.",bintang 5,5 bulan lalu
"Video yang saya tampilkan sudah saya adjust penerangan kamera agar lebih gelap, foto adalah hasil sebenarnya bahwa warna tidak sesuai

Admin hanya menyarankan untuk refun...",bintang 1,4 bulan lalu
"baju nya sesuai sm yg di foto, bahan bagus, cepet banget sampenya, dapet harga murah, toko nya terpercaya, next bakal order lagi yg lain nya ğŸ‘ğŸ»",bintang 5,
"bahan baguss, melar jugaa, aluss polll. pengiriman juga cepet. rekomen dehh, kalo beli ga bakal nyesel",bintang 5,11 bulan lalu
semua bagus warna bagus nyaman pas,bintang 5,5 bulan lalu
"Product quality: Bagus banget
Banyak polo di toko lain, tp percayalah guys yang ini yg terbaik, harga terjangkau dapet bahan dan model polo sebagus ini",bintang 5,
"Product quality: Bagus banget
Banyak polo di toko lain, tp percayalah guys yang ini yg terbaik, harga terjangkau dapet bahan dan model polo sebagus ini",bintang 5,
"Ada beberapa kotoran kaya berpasir dibagian depan, trus juga ada garis garis gt dibajunya dan ada beberapa jaitan yg kurang rapih masi keluar gt sisa jaitannya huftt pdah...",bintang 4,
"Bahannya bagus, tidak menerawang, enak di pke karna ringan.",bintang 5,4 hari lalu
"Suka, deh. Meski tekstur agak kasar & rasanya agak gerah",bintang 5,10 bulan lalu
"bahannya tebel dan adem, sesuai dengan harganya...",bintang 5,4 bulan lalu
Warna sesuai. Bahan nya adem. Ukuran nya pas,bintang 5,7 bulan lalu
"Kualitas produk: Jelek
Kain nya pada keluar benang, tipis pulakk,,, untuk pengemasan nya juga burukğŸ™ 
Dengan seharga segitu namun gak ada box apalagi packaging yang mema...",bintang 3,2 bulan lalu
barang oke pengiriman juga cepat tapi sayang di bajunya ada noda padahal baru di buka,bintang 3,5 bulan lalu
"Bahannya tebel, lembut, model bajunya juga bagus, nyaman dipake, harganya juga terjangkau",bintang 5,
"Bagus banget,ukurannya juga pas,bahannya adem,gak nyesel banget belinya,mau beli satu lagi",bintang 5,6 bulan lalu
"Modelnya bagus, bahannya enak, seller responsif, GOTO to the moon ğŸš€",bintang 5,5 bulan lalu
"nice, bahannya tebal dan gak terlalu panas,",bintang 5,2 bulan lalu
"Sesuai gambar kalau ini, bahan agak tipis si",bintang 5,4 bulan lalu
"Bahannya bagus, nggak nerawang, fast respon juga, rekomended deh.",bintang 5,11 bulan lalu
"Bagus bahannya baguss cuma ternyata agak besar sama suami ku gpp karna udah tau nnti beli yg lebih pas , sukses terus",bintang 5,9 bulan lalu
"Bagus bahannya baguss cuma ternyata agak besar sama suami ku gpp karna udah tau nnti beli yg lebih pas , sukses terus",bintang 5,9 bulan lalu
"Bagus banget wrna beige cocok untuk ku, tebal juga bahan nya rapi
Next bakalan order disini lagi ğŸ˜",bintang 5,9 bulan lalu
Bahan agak panas sih & lehernya agak sempit tapi ya murmer jadi no complaints loh.,bintang 5,8 bulan lalu
"mantap bagus banget baju nyaaa, seller nya juga responsif, sempet salah ukuran dan untung nya bisa tukar ukuranğŸ˜ğŸ˜",bintang 5,2 bulan lalu
"sesuai dengan ekspektasi, pas dibadan, halus bahannya,, terima kasih",bintang 5,8 bulan lalu
"Bagus banget ini mah harga segitu dapat segini worth it kyknya bahannya ga panas tebel juga desainnya bagus, real pic yaaa ğŸ’¯",bintang 5,8 bulan lalu
"beli ke 2x nya emang bahannya bagus senyaman itu
Kualitas produk: bagus",bintang 5,3 bulan lalu
"Anjaayy kelas banget ni polo, sangat real pick",bintang 5,
"Pengirimannya cepett bgtt, bahannya bagus kualitasnya bagus dengan harga segitu worth to buy",bintang 5,10 bulan lalu
"Bahannya enak dipakai
Desainnya okay",bintang 5,6 bulan lalu
"menyala abangkuhhğŸ”¥
bagus poll
Kualitas produk: bahan adem",bintang 5,
bajunya bagus bangettttt!!!! emang cozyclub ga bikin kecewa kalo soal outfit. thank you so much ğŸ«¶ğŸ»,bintang 5,1 bulan lalu
Barang sesuai pesanan. Packing ok. Proses dan pengiriman cepat. Ukuran dan bahan ok.,bintang 5,4 bulan lalu
"mantaapp barangnya bagus, bahan okee, fittingnya juga keren abiss, next pasti order lagi disini",bintang 5,4 bulan lalu
"Real pict
Jahitan rapi
Bahan terpal",bintang 5,
pas . bahan bagus...cm ada bbrp noda di bag depan...tolong next di QC dl donk..thank you,bintang 4,7 bulan lalu
"ini polo ganteng banget cuy
Product quality: good",bintang 5,
Lembut adem dan strchy sukaaa banget bahannya bagusğŸ˜ğŸ˜,bintang 5,4 bulan lalu
Keren banget kain nya juga bagus tebal juga pokoknya makasih,bintang 5,10 bulan lalu
Keren parah si bahannya adem sesuai ekspektasi kacauuu,bintang 5,
"Oke banget bahanya, jahitan rapi, sangat recomended",bintang 5,9 bulan lalu
"Kerennn tapi kebesaran ke ak, tpi gpp bisa dikecilin",bintang 5,
Bahan lembut adem worth it banget pokoknya,bintang 5,4 bulan lalu
"Selalu suka produk dari cozyclub, udah orderan yg ke 2, sebelumnya ukuran L sekarang xl, kerenn. Harga juga afordable ğŸ˜",bintang 5,
"Produk bagus dan sesuai dengan yang saya inginkan, next belanja di toko ini lagi ğŸ‘ğŸ½",bintang 5,11 bulan lalu
Oke paket barangnya bagus sesuai dengan yang di iklankan,bintang 5,
Oke paket barangnya bagus sesuai dengan yang di iklankan,bintang 5,
"bagus tapi sayang bgt ada bolong di baju, pengiriman cepat",bintang 3,6 bulan lalu
"Pengiriman super cepat, barang sesuai mantulğŸ¥°",bintang 5,2 bulan lalu
baguuus.. cocok untuk bokap. karena untuk kado doi.,bintang 5,5 bulan lalu
Kualitas produk: bahannya bagus,bintang 5,4 bulan lalu
"Bahan tebal, adem, ga nyesel lahğŸ”¥ğŸ”¥",bintang 5,10 bulan lalu
Kurir nya aneh...masa dari Tangerang ke serang trus ke Tanggerang lagii hadehh,bintang 4,
"bahan bagus, model keren, sesuai pesanan",bintang 5,4 bulan lalu
"Produk sampai dengan selamat, bahan sesuai terimakasih",bintang 5,1 bulan lalu
"Oke , pengiriman cepat, seller juara",bintang 5,3 bulan lalu
Bagus banget asli ga nyesel beli,bintang 5,8 bulan lalu
"bahan molor, fit body, cakep",bintang 5,8 bulan lalu
Bagus cuma lengan ku kurang besar aja,bintang 4,8 bulan lalu
"Bagus bgt tolong, ga nysel beli disini, next bakalan order lagi",bintang 5,8 bulan lalu
bahan tebal dan ukuran pas,bintang 5,7 bulan lalu
barang bagus dan sesuai pesanan,bintang 5,2 minggu lalu
Mantapp fits size L cocok abis,bintang 5,7 bulan lalu
"Warnanya bagus, bahan nyaman dipakai, ukuran pas, modelnya fit ke badan",bintang 5,9 bulan lalu
"Bagus gausa diraguin lagi, next bakal repeat orderğŸ‘ğŸ»ğŸ©¶",bintang 5,8 bulan lalu
"enak bahannya,ga panas sumpah top deh dengan harga 100k an",bintang 5,3 bulan lalu
"fit yang sangat baik, bahan bagus, di harga segini sangat recommended!!",bintang 5,
"sudah kedua kali order dan emang sesuai ekspektasi, warnanya cakep, bahan tipis adem, apalagi fittingnya di badan pas banget",bintang 5,11 bulan lalu
"gak nyangka untuk harga seterjangkau ini barangnya sebagus itu. fitnya bagus dan modern, bahannya tebel, stretchy, dan adem banget. bakal repeat order sih. terima kasih",bintang 5,4 bulan lalu
"Ukuran pas, warna bagus, sayangnya bahannya bikin agak gerah. Tapi bagus",bintang 5,1 bulan lalu
"Bagus banget, suami saya suka ğŸ˜",bintang 5,6 bulan lalu
"Bagus si bahannya adem lembut, tapi size XL nya kecil, gua biasa pake size XL tb 173 bb 58, tapi di baju ini ambil XL agak ngatung",bintang 5,10 bulan lalu
"Bahannya adem dan halus, serat lainnya rapet",bintang 5,5 bulan lalu
Bahannya tebal bagus fitting nya kualitasnya juga bagus,bintang 5,9 bulan lalu
Harga lebih murah dri toko sebelah tpi bahan mungkin bisa lebih bagus lgi,bintang 4,8 bulan lalu
Pakaiannya nyaman enak di pakai cocok buat pergi kerja ataupun dipakai ngampus dan keluar nongkrong,bintang 4,10 bulan lalu
"modelnya cakep, bahannya juga oke.
cuma tipenya yg bodyfit. butuh belinya yg 1 ukuran lebih besar.",bintang 5,7 bulan lalu
"Semoga bahan nya ga panas ya, model bajunya si bagus",bintang 5,
"melebihi ekspektasi, keren parah, dari bahan sampai fit di badan, overall kece parah",bintang 5,9 bulan lalu
"Bahannya premium banget, adem dan juga ngga nerawang, APPROVEDD",bintang 5,4 bulan lalu
Kurang pas kalau cari ukuran yg ngetat dengan badan karena bahan lingkar lengannya kurang lentur,bintang 5,
"Biar bintang yg menjelas kn karena jujur secakep itu
Kualitas produk: Bagus",bintang 5,
untuk kesan pertama sangat bagus bahan adem cocok lah,bintang 5,10 bulan lalu
"kualitasnya bagus,cuma kemasanya kurang rapi,sehingga bajunya kusut",bintang 5,4 bulan lalu
"Sumpah bajunya bagus banget bahannya stretch, kualitasnya oke banget, ukuran xxl di bb 110kg masi muattt",bintang 5,7 bulan lalu
bahan dan ukuran polonya sangat nyaman untuk BB 96,bintang 5,6 bulan lalu
Nice untuk harga segitu sangat worth it bahan sama warnanya juga sesuai foto,bintang 5,7 bulan lalu
"Kualitas produk: Baik,lembut
Cocok sekali untuk saya:)",bintang 5,11 bulan lalu
The model is good and the material is comfortable.,bintang 5,3 bulan lalu
"Bahanna tidak tebal, tidak tipes setandar",bintang 4,
"Pengiriman cepat, Kaosnya bagus, pola dan bahan OK ğŸ‘ Bakal order lagi ah ğŸ˜
Recommended seller, Banyak Terima Kasih",bintang 5,4 bulan lalu
"Bahanna tidak tebal, tidak tipes setandar dan menerawang",bintang 4,
"Kualitas bagus mantap, puas bgt pakainya. Nyaman",bintang 5,11 bulan lalu
jahitannya rapi tapi bahannya panas kurang nyamaan dipakai,bintang 3,
"bagus bgtt tp bahannya kayak panas, tp smg aja enggak",bintang 4,11 bulan lalu
"Bahan bagus, di pakai enak
Kaol polo yang bagus",bintang 5,
"Bahan Terbaik, jahitan yg agak kurang di finishing banyak belepotan",bintang 5,9 bulan lalu
Bagusss pengiriman cepat sekaliğŸ¤âœ¨,bintang 5,
Gak nyangka bahannya sebagus ini worth it banget,bintang 5,10 bulan lalu
"Ini slim fit bgt, untung pas M, tapi bahan ok sihh .. love it",bintang 4,
"Cuttingan kecil , di bagian leher / kerah tidak stretch .",bintang 3,3 bulan lalu
"Lengan bajunya ada kotoran nempel, overall bagus",bintang 3,1 minggu lalu
"Bagusan banget,engga sesuai sii harga murah barangnya bagus banget sangat wor it",bintang 5,
Keren. Bahan nya adem pokok nya perfect banget. Dengan harga segitu.,bintang 5,2 bulan lalu
"sesuai deskripsi. warna sesuai bahan tebal.... 
mantapppp",bintang 5,4 bulan lalu
"Bagus banget kainnya adem,murah tpi tampilan mewah",bintang 5,
tak perlu kata kata yang penting buktinya hanya bintang yang berbicara,bintang 5,10 bulan lalu
"cakep bgt, bahannya tebel
papaku sukaaaaa
thank uâ¤ï¸â¤ï¸",bintang 5,3 bulan lalu
"cakep bgt, bahannya tebel
papaku sukaaaaa
thank uâ¤ï¸â¤ï¸",bintang 5,3 bulan lalu
"Bagus bgt sesuai realpict, bahannya adem poll. Suami sukaa",bintang 5,11 bulan lalu
"Ukuran pas,dan nyaman",bintang 5,2 bulan lalu
"naise sampai dengan cepat, untuk barangnya okelaa untuk harga segini",bintang 5,4 bulan lalu
bagus banget bahannya ğŸ˜»,bintang 5,1 bulan lalu
Bahan nya bagus tebal,bintang 5,4 bulan lalu
"produknya bagus, tapi kalau bisa jasa pengirimnya jangan jnt, kurir nya malas nganterin ke alamat, susah dihubungi. kalau di chat ga pernah balas !!!",bintang 5,2 bulan lalu
"produknya bagus, tapi kalau bisa jasa pengirimnya jangan jnt, kurir nya malas nganterin ke alamat, susah dihubungi. kalau di chat ga pernah balas !!!",bintang 5,2 bulan lalu
"seperti biasa barangnya gokil parah, next bakalan co warna lainnya",bintang 5,5 bulan lalu
"Cakep poooolll bahan lembut dan tebel gk ush ragu deh beli disini

TB175 BB75
pakai XL pas mantab",bintang 5,5 bulan lalu
"Sesuai dengan yang saya pesan, pasbanget dibadan saya, nyaman banget dipakai, mantep lah pokoknyağŸ˜ğŸ‘ğŸ»",bintang 5,4 bulan lalu
"Bagus, tapi salah ukuran lebih bagus pake L",bintang 5,4 bulan lalu
"bagusss poll, ayok gais dkung produk umkm",bintang 5,1 bulan lalu
"Cakep banget kaosnya
Kualitas produk: ğŸ‘ğŸ½",bintang 5,
"Sesuai gambar, dan bahan adem",bintang 5,9 bulan lalu
Baju nya bagus sesuai dengan foto nyağŸ‘,bintang 5,2 bulan lalu
"bajunya keren, kainnya bagus, pengirimannya cepat mantaap",bintang 5,4 bulan lalu
Bahannya bagus pas di aku,bintang 5,3 bulan lalu
"Di badan pas cakep size XL, tapi sayang banget LENGAN kecil banget gitu, semoga bisa diperbaiki",bintang 1,8 bulan lalu
"Bahannya enak, warnanya pun sesuai",bintang 5,2 bulan lalu
"Pas bajunya .. 
Untuk harga segitu masih ok lah",bintang 4,3 bulan lalu
Ini bagus bahan adem,bintang 5,2 bulan lalu
BAHANNYA BAGUS BGT,bintang 5,3 bulan lalu
Bahannya bagus and jahitan nya rapi,bintang 5,3 bulan lalu
untuk TB 175cm BB 72kg pas bgt ngefit di badan,bintang 5,
kualitas baju bagus dan enak dipakai,bintang 5,3 bulan lalu
Keren muantabs ğŸ‘ğŸ‘ thankyu seller tiktok. Semoga semakin maju,bintang 5,
Gabisa ditukar padahal kekecilan,bintang 4,5 bulan lalu
"mantep banget, pasti and fix repeat order",bintang 5,7 bulan lalu
"Ngga sehitam di gambar, warna cenderung pudar kek baju bekas ğŸ˜Œ",bintang 2,2 bulan lalu
Kualitas produk: Baguss bahannya sukaa,bintang 5,
"Modelnya keren
Warnanya bagus",bintang 5,7 bulan lalu
Bahannya bagus dan jahitannya rapih,bintang 5,9 bulan lalu
Mantap min baju nya baguss bngt semoga amanah truss ya minn,bintang 5,2 bulan lalu
keren baju nya â˜ºï¸ğŸ‘,bintang 5,2 bulan lalu
Sesuai pesanan. Bahannya bagus.,bintang 5,4 bulan lalu
"Kren
Kualitas produk: Adem nyaman dpkai",bintang 5,8 bulan lalu
tambahin stock buat ukuran m untuk semua warna,bintang 4,11 bulan lalu
Baik tapi ada bercak hitam dikit,bintang 5,3 minggu lalu
"Recommended parah, sesuai ekspektasi",bintang 5,
Bahan panassssssss untuk harga di hampir 100rb,bintang 2,11 bulan lalu
"Sangat bagus, next beli ukuran M aja soalnya yang L agak gede",bintang 5,9 bulan lalu
"elegan, dan bagus sesai ekspektasi sii joss",bintang 5,2 bulan lalu
"Bahannya bagus, tinggal dipakai aja sih",bintang 5,
Keduakalinya beli disini bagus pol....,bintang 5,
"3x beli baju ini, emang sekeren itu ges ğŸ”¥",bintang 5,9 bulan lalu
"3x beli baju ini, emang sekeren itu ges ğŸ”¥",bintang 5,9 bulan lalu
Barang nya cepat sampai dan bagus,bintang 4,
"thank u kakk, baju nya bagus banget ğŸ¤âœ¨",bintang 5,11 bulan lalu
pengiriman cepat,bintang 5,7 bulan lalu
pengiriman cepat,bintang 5,7 bulan lalu
Cakep cakep cakep bangetttttzzz,bintang 5,6 bulan lalu
repeat order! langsung beli 2! bintang 5 pokoknya,bintang 5,
Keren banget bahan nya mantull,bintang 5,2 bulan lalu
bagus banget. suka banget bajunya,bintang 5,11 bulan lalu
"Sangat Bagus,",bintang 5,
"bahan bagus, nyaman dipakai",bintang 5,9 bulan lalu
Bajunya suka banged suamiiii ğŸ¥°,bintang 5,4 bulan lalu
Bahannya tebel dan dingin,bintang 5,4 bulan lalu
Bagus si tapi kain nya panas,bintang 4,10 bulan lalu
Bahan tebal agak sumuk,bintang 5,11 bulan lalu
Josss bagus sesuai mantep pokonya mahh,bintang 5,
"modelnya keren, ga sempit juga",bintang 5,2 bulan lalu
"Kirim cepet, sesuai, semoga awet",bintang 5,
"bahan enak, pengiriman cepat",bintang 5,5 bulan lalu
Bagus sesuai deskripsi. Makasih,bintang 5,
kualitas produk sangat bagus,bintang 5,9 bulan lalu
"Keren, bagus banget di anak ku..ğŸ‘",bintang 5,10 bulan lalu
Bahan kain baguss,bintang 5,8 bulan lalu
Bagus bahannya,bintang 5,5 bulan lalu
"Ni
Product quality: Nice",bintang 5,2 bulan lalu
Bagus bahannya,bintang 5,
Fit bgt 173/70 pake uk s,bintang 5,
Warna ga sesuai pilih brown yang datang coklat susu,bintang 4,6 hari lalu
Kualitas produk: sangat bagus,bintang 5,10 bulan lalu
size dan bahan baguss!!,bintang 5,
bahan kakinya lembut,bintang 5,2 bulan lalu
Mantap sesuaiğŸ¥°,bintang 5,
Bahannya bagus dan adem,bintang 5,3 bulan lalu
"cakep, size nya jg pas",bintang 5,7 bulan lalu
Untuk 170/65 cocok pake L,bintang 5,7 bulan lalu
Kesempitan bagian lengannya,bintang 5,5 bulan lalu
bahan bagus,bintang 5,8 bulan lalu
Kualitas produk: bagus bgt,bintang 5,9 bulan lalu
bagus cmn kekecilan,bintang 5,3 bulan lalu
Kualitas produk: Baik,bintang 5,4 bulan lalu
Kualitas produk: Baik,bintang 5,11 bulan lalu
bahan nya bagus,bintang 5,
"Cakep loh, halus bgt adem",bintang 5,3 bulan lalu
"Kebesaran sedikit,tpi gapap",bintang 4,8 bulan lalu
Baguss bangett kakak aku sukaaaa uhuyyyğŸ¥°,bintang 4,5 bulan lalu
Sesuai pict ğŸ”¥ğŸ”¥,bintang 5,10 bulan lalu
"Real pict,overall goodğŸ‘",bintang 5,8 bulan lalu
Bagus,bintang 4,
,bintang 4,5 bulan lalu
,bintang 5,5 bulan lalu
warnanya sesuai foto,bintang 5,2 bulan lalu
keren gila,bintang 5,12 bulan lalu
"Bagus, jahitan rapi",bintang 5,
Bagus bgt semoga ada varian putih,bintang 5,
"BAGUSS BGT, GA NYSEL BELI INI",bintang 5,11 bulan lalu
mantap jos bahannya bagus,bintang 5,9 bulan lalu
"Bingung mau kasih caption apa?
#Sempurna",bintang 5,3 bulan lalu
Good,bintang 5,2 bulan lalu
Mantap pas sesuai pesanan,bintang 5,11 bulan lalu
Biarkan bintang saya yg berbicara,bintang 5,8 bulan lalu
Bgs bgtğŸ˜˜ğŸ˜˜ğŸ¥°,bintang 5,8 bulan lalu
Gogil cok  bahanya gacorr,bintang 5,1 bulan lalu
sesuai deskripsnya,bintang 5,2 bulan lalu
bagus banget best buy 2024,bintang 5,5 bulan lalu
Baju Bagus sesuai gambar,bintang 5,4 bulan lalu
Real kek namanya cozy bray,bintang 5,
CAKEEEPPP BENERRR BAJUUU NYAAAAA,bintang 5,10 bulan lalu
Good product,bintang 5,1 minggu lalu
Good product,bintang 5,
"Bagus banget poll,m",bintang 5,
keren bajunya,bintang 5,9 bulan lalu
Sesuai ekspektasi,bintang 5,3 bulan lalu
Keren,bintang 5,
,bintang 5,2 bulan lalu
,bintang 5,1 bulan lalu
,bintang 4,2 bulan lalu
,bintang 5,2 bulan lalu
,bintang 5,3 bulan lalu
,bintang 5,4 bulan lalu
,bintang 4,4 bulan lalu
,bintang 5,9 bulan lalu
,bintang 5,6 bulan lalu
,bintang 5,8 bulan lalu
,bintang 5,
,bintang 5,
"worth it to buy,aseli guys",bintang 5,2 bulan lalu
Kain bagus,bintang 5,2 bulan lalu
Barangnya bagus,bintang 5,9 bulan lalu
Bajunya bagus bangetttttt,bintang 5,5 bulan lalu
Bagus banget,bintang 5,4 minggu lalu
Bagus banget,bintang 5,3 bulan lalu
bagus banget,bintang 5,8 bulan lalu
Bagus banget,bintang 5,8 bulan lalu
bagus banget,bintang 5,8 bulan lalu
bagus bgt di badan suamiku,bintang 5,8 bulan lalu
Baguss banget,bintang 5,8 bulan lalu
baguss banget,bintang 5,10 bulan lalu
desainnya keren.. suka dgn polo ini..,bintang 5,9 bulan lalu
Bagus sesuai harga,bintang 4,
ğŸ˜ğŸ‘,bintang 5,7 bulan lalu
Ini bagus bgt sih gils,bintang 5,
Sesuai expectasi,bintang 5,4 bulan lalu
"model nya keren, classy",bintang 5,5 bulan lalu
Sesuai dengan gambar,bintang 5,
bagus Suka Bngt..,bintang 5,11 bulan lalu
sangat bagus,bintang 5,7 bulan lalu
Cakep,bintang 5,7 bulan lalu
Baguss pollâ¤ï¸,bintang 5,11 bulan lalu
Sangat bagus,bintang 5,
Mantap banget ğŸ¥°,bintang 5,8 bulan lalu
ganteng abis,bintang 5,5 hari lalu
Sangat memuaskan,bintang 5,5 bulan lalu
Cakeppp,bintang 5,9 bulan lalu
Sesuai,bintang 5,4 bulan lalu
Mantap bagus,bintang 5,1 bulan lalu
Bagus bajunya,bintang 5,2 bulan lalu
Bagus baju nya,bintang 5,9 bulan lalu
Bagus bajunya,bintang 5,5 bulan lalu
Cozyclub selalu baguss,bintang 5,9 bulan lalu
Mantabs sesuai pesanan,bintang 4,7 bulan lalu
MANTAP WEH GOKILLLL ğŸ˜­ğŸ¤ŸğŸ»,bintang 5,5 bulan lalu
Top. Sesuai yg di,bintang 5,3 bulan lalu
Bagusss banget ğŸ”¥,bintang 5,4 bulan lalu
Pas,bintang 5,10 bulan lalu
baguss,bintang 5,1 bulan lalu
baguss,bintang 5,1 bulan lalu
Bagus bgt,bintang 5,7 bulan lalu
Baguss,bintang 5,
Best,bintang 5,5 bulan lalu
Best,bintang 5,
Best,bintang 5,
Bagus,bintang 5,4 bulan lalu
bagus,bintang 5,5 bulan lalu
bagus,bintang 5,6 bulan lalu
Bagus,bintang 5,7 bulan lalu
Bagus,bintang 5,7 bulan lalu
Bagus,bintang 5,8 bulan lalu
Bagus,bintang 5,9 bulan lalu
bagus,bintang 5,9 bulan lalu
Bagus,bintang 5,10 bulan lalu
Bagus,bintang 5,
Bagus,bintang 5,
Bagus,bintang 5,
Bagus,bintang 5,
Bagus,bintang 5,
bagus,bintang 5,
bagus,bintang 5,
Bagus kaos nya,bintang 5,8 bulan lalu
pas dan keren,bintang 5,7 bulan lalu
kece bat sih,bintang 5,9 bulan lalu
oke,bintang 5,9 bulan lalu
oke,bintang 5,9 bulan lalu
WORTH IT BGT.,bintang 5,
Bagus sekaliiii,bintang 5,9 bulan lalu
Kren,bintang 5,8 bulan lalu
Kren,bintang 5,8 bulan lalu
Bagus bget,bintang 5,7 bulan lalu
Bagus bget,bintang 5,7 bulan lalu
Bagus..,bintang 5,
BAGUS BGT PLSS,bintang 5,5 bulan lalu
Barang sdh sampai dgn baik,bintang 4,3 bulan lalu
Bhn bagusğŸ¤©ğŸ¤©ğŸ¤©,bintang 5,
Gokil,bintang 5,12 bulan lalu
Bagus woi,bintang 5,6 bulan lalu
bagus bgttt,bintang 5,2 bulan lalu
"Mantap lahhh,",bintang 5,
"Super
Very good",bintang 5,8 bulan lalu
Bagus bangettt!!!ğŸ–¤ğŸ–¤,bintang 5,9 bulan lalu
Mantap,bintang 5,1 bulan lalu
mantap,bintang 5,5 bulan lalu
Mantap,bintang 5,5 bulan lalu
Mantap,bintang 5,
mantap,bintang 5,
worth it!,bintang 5,
good,bintang 5,5 bulan lalu
Good,bintang 5,
Good,bintang 5,
Good,bintang 5,
kerenn cuy,bintang 5,1 bulan lalu
bagus polllll,bintang 5,1 bulan lalu
bagusss,bintang 5,6 bulan lalu
Bagusss,bintang 5,
Bagusa bgtt,bintang 5,
bguss,bintang 5,1 bulan lalu
Nice,bintang 5,8 bulan lalu
Nice,bintang 5,
Kereeeennn,bintang 5,
order terus,bintang 5,8 bulan lalu
Nice !,bintang 5,
mantap,bintang 3,8 bulan lalu
No kaleng kaleng,bintang 5,
Alhamdulillah,bintang 5,2 bulan lalu
Oke lah,bintang 3,11 bulan lalu
Pesanan lambat datangnya,bintang 1,1 bulan lalu
gokil keren!,bintang 5,2 bulan lalu
Mantapp dahh pokoknya,bintang 5,10 bulan lalu
keren,bintang 5,5 bulan lalu
Keren,bintang 5,9 bulan lalu
Keren,bintang 5,
keren,bintang 5,
Keren,bintang 5,
,bintang 4,2 bulan lalu
,bintang 5,2 bulan lalu
,bintang 5,3 bulan lalu
,bintang 5,3 bulan lalu
,bintang 5,3 bulan lalu
,bintang 5,3 bulan lalu
,bintang 5,3 bulan lalu
,bintang 5,3 bulan lalu
,bintang 5,3 bulan lalu
,bintang 5,3 bulan lalu
,bintang 5,3 bulan lalu
,bintang 5,3 bulan lalu
,bintang 5,3 bulan lalu
,bintang 5,3 bulan lalu
,bintang 5,4 bulan lalu
,bintang 5,4 bulan lalu
,bintang 5,4 bulan lalu
,bintang 5,4 bulan lalu
,bintang 5,4 bulan lalu
,bintang 5,4 bulan lalu
,bintang 5,4 bulan lalu
,bintang 5,4 bulan lalu
,bintang 5,4 bulan lalu
,bintang 5,4 bulan lalu
,bintang 5,4 bulan lalu
,bintang 5,5 bulan lalu
,bintang 5,5 bulan lalu
,bintang 5,5 bulan lalu
,bintang 5,5 bulan lalu
,bintang 5,5 bulan lalu
,bintang 5,5 bulan lalu
,bintang 5,5 bulan lalu
,bintang 5,5 bulan lalu
,bintang 5,5 bulan lalu
,bintang 4,5 bulan lalu
,bintang 5,6 bulan lalu
,bintang 5,6 bulan lalu
,bintang 5,6 bulan lalu
,bintang 5,6 bulan lalu
,bintang 5,6 bulan lalu
,bintang 5,6 bulan lalu
,bintang 5,2 bulan lalu
,bintang 5,2 bulan lalu
,bintang 5,2 bulan lalu
,bintang 5,2 bulan lalu
,bintang 5,6 bulan lalu
,bintang 5,2 bulan lalu
,bintang 5,2 bulan lalu
,bintang 5,2 bulan lalu
,bintang 5,2 bulan lalu
,bintang 5,6 bulan lalu
,bintang 4,2 bulan lalu
,bintang 5,2 bulan lalu
,bintang 5,2 bulan lalu
,bintang 5,2 bulan lalu
,bintang 4,2 bulan lalu
,bintang 5,2 bulan lalu
,bintang 5,2 bulan lalu
,bintang 5,6 bulan lalu
,bintang 5,2 bulan lalu
,bintang 5,3 bulan lalu
,bintang 5,6 bulan lalu
,bintang 5,3 bulan lalu
,bintang 5,3 bulan lalu
,bintang 5,7 bulan lalu
,bintang 5,3 bulan lalu
,bintang 5,7 bulan lalu
,bintang 5,3 bulan lalu
,bintang 5,3 bulan lalu
,bintang 5,3 bulan lalu
,bintang 5,3 bulan lalu
,bintang 5,3 bulan lalu
,bintang 5,3 bulan lalu
,bintang 5,3 bulan lalu
,bintang 5,7 bulan lalu
,bintang 5,3 bulan lalu
,bintang 5,7 bulan lalu
,bintang 5,3 bulan lalu
,bintang 5,3 bulan lalu
,bintang 5,7 bulan lalu
,bintang 5,7 bulan lalu
,bintang 5,3 bulan lalu
,bintang 4,3 bulan lalu
,bintang 5,3 bulan lalu
,bintang 5,3 bulan lalu
,bintang 5,3 bulan lalu
,bintang 4,3 bulan lalu
,bintang 4,3 bulan lalu
,bintang 4,3 bulan lalu
,bintang 5,3 bulan lalu
,bintang 5,7 bulan lalu
,bintang 5,3 bulan lalu
,bintang 5,3 bulan lalu
,bintang 5,3 bulan lalu
,bintang 5,3 bulan lalu
,bintang 5,3 bulan lalu
,bintang 5,3 bulan lalu
,bintang 5,3 bulan lalu
,bintang 5,3 bulan lalu
,bintang 5,3 bulan lalu
,bintang 5,7 bulan lalu
,bintang 5,3 bulan lalu
,bintang 5,7 bulan lalu
,bintang 5,3 bulan lalu
,bintang 5,3 bulan lalu
,bintang 5,3 bulan lalu
,bintang 5,3 bulan lalu
,bintang 5,3 bulan lalu
,bintang 5,3 bulan lalu
,bintang 5,3 bulan lalu
,bintang 5,3 bulan lalu
,bintang 5,3 bulan lalu
,bintang 5,3 bulan lalu
,bintang 5,3 bulan lalu
,bintang 5,3 bulan lalu
,bintang 5,7 bulan lalu
,bintang 5,3 bulan lalu
,bintang 5,3 bulan lalu
,bintang 5,3 bulan lalu
,bintang 5,3 bulan lalu
,bintang 5,3 bulan lalu
,bintang 5,3 bulan lalu
,bintang 5,3 bulan lalu
,bintang 5,3 bulan lalu
,bintang 5,3 bulan lalu
,bintang 5,3 bulan lalu
,bintang 5,7 bulan lalu
,bintang 5,3 bulan lalu
,bintang 5,4 bulan lalu
,bintang 5,4 bulan lalu
,bintang 5,4 bulan lalu
,bintang 5,4 bulan lalu
,bintang 5,4 bulan lalu
,bintang 5,4 bulan lalu
,bintang 5,4 bulan lalu
,bintang 5,4 bulan lalu
,bintang 5,4 bulan lalu
,bintang 4,4 bulan lalu
,bintang 5,4 bulan lalu
,bintang 5,4 bulan lalu
,bintang 5,4 bulan lalu
